categoria,cp
inactivo,0.0
varon35mas,1.0
varon34-25,0.85666038188
varon24-14,0.656251133332
mujer35mas,0.557505900714
mujer34-25,0.534521600899
mujer24-14,0.394727732721
